text,image_url,tags,posting_time
"10年後、リビングから子どもの声が消えた時。
残るのがテレビの音だけだと、
脳は強烈な孤独を感じるんだよね。

これを防ぐには、
今から「夫婦の会話」という投資が必要。

老後の穏やかさは、今の積み重ねでしか作れない。
まずは今日、天気の話からでいい。
二人の時間を1分作ってみよう。",,,2025-11-24 07:03
"昨日、パートナーと業務連絡以外で何分話した？

もし0分なら、
心理的距離はどんどん離れていく。

「単純接触効果」って知ってる？
接触回数が増えるほど好意を持つ心理現象。

今日は意識して3分だけ雑談してみよう。
その3分が、未来の信頼関係を作るから。",,,2025-11-24 08:12
"縁側でお茶を飲む老夫婦と、
無言でテレビを見る老夫婦。

この違いは「毎日の習慣」にあるんだよね。

脳は変化を嫌うから、今の「無言」を続ける方が楽。
でも、理想の未来に行きたいなら、
現状維持バイアスを破る必要がある。

今日、自分から「お茶淹れようか」って声をかけてみて。",,,2025-11-24 10:05
"カレンダーに「二人でカフェ」って入れてみた？

未来に楽しみな予定があると、
脳内でドーパミンが分泌されて幸福度が上がる。

「え、二人で？」って驚かれても大丈夫。
それは相手も意識し始めた証拠だから。

未来への不安を消す一番の方法は、
具体的な「楽しみ」を予約することだよ。",,,2025-11-24 12:11
"沈黙が「心地よい」か「苦痛」か。

この差は「心理的安全性」があるかどうかで決まる。

相手が敵じゃない、と脳が認識していれば
沈黙も怖くない。

もし苦痛なら、まずは挨拶で敵意がないことを伝えよう。
「おはよう」の一言が、安全基地を作る第一歩になるから。",,,2025-11-24 15:08
"喧嘩中なのに、夫の好きなビールをカゴに入れちゃう。

これ、心理学的には「認知的不協和」の解消行動かもね。

でも、その「つい」という行動こそが愛情の正体。

言葉で謝るのが苦手なら、
そのビールを無言で渡すだけでいい。
行動は言葉以上に、あなたの気持ちを雄弁に語るから。",,,2025-11-24 17:45
"「子どものために」と仮面夫婦を続けてない？

子どもはミラーニューロンで親の感情を敏感に察知する。

作り笑いより、
本気で向き合う姿を見せる方が教育的価値は高いんだよね。

再構築は大変だけど、その努力は必ず子どもに伝わる。
まずは夫婦の会話を見直すことから始めてみよう。",,,2025-11-24 20:02
"寝室を別にして3年、
快適だけど何か足りない。

それは「オキシトシン」不足かもしれないね。

肌が触れ合う機会が減ると、
愛情ホルモンは枯渇していく。

いきなり同室は無理でも、
寝る前の5分だけリビングで話す。
その「接触」を取り戻すだけで、心の隙間は埋まるはずだよ。",,,2025-11-24 21:15
"「おやすみハグ」したいけど言えない。

それは「拒絶される恐怖」がブレーキをかけているだけ。

でも、行動経済学では
「損失回避」より「得られる利益」に目を向けるべき。
ハグで得られる安心感は計り知れない。

「寒いね」って言い訳して、
軽く触れるところから始めてみない？",,,2025-11-24 22:05
"未来が不安で眠れない夜は、温かい飲み物を。

体温が上がると副交感神経が優位になって、
リラックスできるから。

脳は疲れるとネガティブなシミュレーションをしがち。
今日はもう思考停止して、体を温めて寝よう。

十分な睡眠こそが、明日のメンタルを整える最強の投資だよ。",,,2025-11-24 23:11
"朝のLINEが業務連絡だけになってない？

これ、心理学的には
「事務的関係」へのラベリング強化なんだよね。

「共同経営者」としては優秀でも、
パートナーとしての「情動的結合」は弱まる一方。

まずはスタンプ1個でいい。
「感情」を乗せるだけで、
脳は相手を「仕事相手」から「人間」に再認識するよ。",,,2025-11-25 07:06
"夫からの「了解」スタンプに心が冷える。

それは「期待」と「現実」のギャップ
（報酬予測誤差）がマイナスだから。

でも、男性脳は「解決」を優先するから、
了解＝任務完了の合図なんだよね。

冷たいんじゃなくて、モードが違うだけ。
そう解釈を変えるだけで、心のシャッターは少し開くよ。",,,2025-11-25 08:09
"夫がお風呂で歌う鼻歌、知ってる？

知らないなら、
相手の「プライベートな顔」が見えてない証拠。

心理学者ゴットマンによると、
幸福な夫婦はお互いの「愛の地図（相手の詳細情報）」を持ってる。

今日は「その歌なに？」って聞いてみて。
地図を広げる小さな一歩になるから。",,,2025-11-25 10:15
"「5分だけ話す」実験、やってみた？

最初は「別に」でも、
3分超えると脳の「社会的報酬」回路が動き出す。

人は自分の話をすることで快感を得る生き物。

聞き役に徹して、相手のドーパミンを出させる。
これが会話復活のハックだよ。",,,2025-11-25 12:04
"LINE履歴が業務連絡ばかりでも、
3年前のハートマークを見て泣けるなら大丈夫。

それは「単純接触効果」が不足しているだけ。
過去の感情（アンカー）はまだ生きてる。

そのハートをスクショして、今の彼に送ってみる？
「懐かしいね」の一言が、タイムマシンになるかもよ。",,,2025-11-25 15:12
"「おかえり」のトーン、低くなってない？

メラビアンの法則では、
言葉の内容より「声のトーン」が感情を伝える。

暗い声は「拒絶」のサインとして脳に届く。

女優になったつもりで、1オクターブ上げてみて。
その「演技」が、相手のミラーニューロンを刺激して、
明るい返事を引き出すから。",,,2025-11-25 17:52
"業務連絡から抜け出す3つの話題。
「面白いこと」「好きなもの」「未来の計画」。

これらは脳の「報酬系」を刺激するトピック。

特に「未来の計画」は、
二人の共同プロジェクト意識を高める。

まずは「次の休み、何食べる？」から始めよう。",,,2025-11-25 20:08
"テレビには笑うのに、私には笑わない。

これは「敵対的沈黙」じゃなくて、
単にリラックスしてるだけかも。

男性は家を「充電ステーション」と捉えがち。

一緒に笑いたいなら、
同じ番組を見て「これ面白いね」と共感（ジョイン）する。
共有体験が笑顔のスイッチだよ。",,,2025-11-25 21:21
"ダブルベッドの真ん中の「見えない壁」。

これは心理的な「パーソナルスペース」の防衛反応。

無理に壊そうとすると、余計に壁は厚くなる。

足先だけちょんと触れてみる。
その「侵害しない程度の接触」が、
安全確認の合図になるんだ。",,,2025-11-25 22:11
"言葉にできなかった想いは、無理に言わなくていい。

脳は寝ている間に情報を整理（固定化）する。

「明日は話せるかも」というポジティブな予感を持って寝るだけで、
朝のメンタルは変わる。

焦らず、おやすみ。",,,2025-11-25 23:05
"「ねえ」「ちょっと」で呼ばれてない？名前は、人が最も強く反応する音（カクテルパーティ効果）。

名前を呼ばないのは、相手を「個」ではなく「機能（役割）」として見ている証拠。

「私」を取り戻すには、まず自分から相手の名前を呼ぶこと。「返報性」で、名前が返ってくる確率が上がるよ。",,,2025-11-26 07:02
"家中で「ママ」と呼ばれる現象。これは「役割性格」の固定化だね。

でも、あなたはママである前に一人の女性。

夫にだけは「○○さん」って呼んでみる。その違和感が、脳に「あ、妻だった」と思い出させるトリガーになる。",,,2025-11-26 08:15
"最後に名前で呼ばれたのいつ？思い出せないなら、脳内の「恋人フォルダ」がアーカイブ化されてるかも。

でも、フォルダは削除されたわけじゃない。

今日、あえて名前で呼びかけて、フォルダの更新日時を上書きしよう。",,,2025-11-26 10:08
"夫を「○○さん」と呼ぶ実験。驚かれたのは、脳が「予測エラー」を起こしたから。

このエラーは良い刺激になる。「いつもと違う」という感覚が、マンネリ打破の特効薬。

照れくさいのは最初だけ。3回言えば、脳はそれを「新しい常識」として学習するよ。",,,2025-11-26 12:15
"「ママ」という役割に埋もれると、自己肯定感が下がる。これを「アイデンティティ・クライシス」と呼ぶ。

名前を取り戻すのは、ワガママじゃなくてメンタルヘルスの問題。

「家では名前で呼んで」と提案するのは、健全な境界線（バウンダリー）の設定だよ。",,,2025-11-26 15:05
"「名前で呼んで」と言う勇気がない？それは「拒絶」への恐怖（扁桃体の反応）だね。

でも、言わないリスクの方が高い。役割だけの関係は、熟年離婚の最大要因だから。

明るく「たまには名前で呼んでよ〜」って言ってみる。重くしないのがコツ。",,,2025-11-26 17:55
"名前で呼び合う効果は絶大。オキシトシンが分泌され、ストレス値が下がる研究もある。

「ママ」は業務連絡、「名前」は愛情表現。この使い分けが大事。

まずはLINEの名前設定を変えるところから。視覚情報から脳を騙していこう。",,,2025-11-26 20:04
"寝る前の「おやすみ」。ここに名前を足すだけで、印象は180度変わる（ピーク・エンドの法則）。

一日の最後が良い記憶なら、脳はその日全体を「良い日」と判定する。

「○○くん、おやすみ」。この3秒が、明日の朝を変える魔法だよ。",,,2025-11-26 21:12
"昔の動画で名前を呼ぶ彼を見て嬉しくなるのは、その時の「快の感情」が蘇るから。

過去の成功体験は、未来の希望になる。

「またこう呼ばれたいな」と素直に伝える。男性は察するのが苦手だから、ゴールを提示してあげよう。",,,2025-11-26 22:08
"名前を取り戻す旅は、自分を取り戻す旅。

今日一歩踏み出した自分を褒めよう。自己効力感が高まれば、明日もまた挑戦できる。

おやすみ、○○さん（あなたの名前を入れてね）。",,,2025-11-26 23:15
"キッチンで肩が触れて避けられた。ショックだよね。でもそれは「嫌い」じゃなくて「パーソナルスペースの侵害」への反射かも。

心の距離が離れている時に物理的距離を詰めると、脳は警戒する。

まずは「視線」や「言葉」で距離を縮める。体に触れるのは、心が温まってから。順序が大事だよ。",,,2025-11-27 07:04
"ソファで距離を取られると「拒絶」と感じるけど、男性は単に「一人の空間」を求めている場合も。

これを「洞窟ごもり」と言う。ストレス解消に必要な時間なんだ。

追いかけずに放置する。出てきた時に笑顔で迎える。それが「安全基地」としての妻の役割。",,,2025-11-27 08:11
"最後に手を繋いだ記憶がない。これは「スキンシップの忘却曲線」が進んでいる状態。

触れない期間が長いほど、再開のハードルは指数関数的に上がる。

だからこそ、今日リセットする必要がある。手じゃなくて、服の袖を掴むくらいから始めてみて。",,,2025-11-27 12:08
"寝ている夫の手を握る実験。握り返してくれたなら、深層心理では「繋がり」を求めている証拠。

起きている時は理性がブロックしてるけど、寝ている時は本音が出る。

その温もりを覚えておいて。それは「拒絶されていない」という確かなエビデンスだから。",,,2025-11-27 15:09
"スキンシップがゼロになると、オキシトシンが枯渇してイライラしやすくなる。

触れ合いは、心の栄養失調を防ぐサプリメント。

「マッサージして」と頼むのも手。ケアという名目なら、男性も触れる理由ができるから。",,,2025-11-27 17:48
"「おかえりハグ」の勇気が出ないなら、ハイタッチからどう？

スポーツ心理学でも、ハイタッチはチームの結束を高める効果がある。

「お疲れ！」って明るくタッチ。これなら重くないし、肌が触れる事実は残る。",,,2025-11-27 20:06
"スキンシップ復活の4ステップ。「肩ポン」→「隣に座る」→「手足が触れる」→「手を繋ぐ」。

これを「系統的脱感作法」と言う。少しずつ刺激に慣れさせる心理療法の手法。

いきなりホームランを狙わず、バントで塁に出よう。",,,2025-11-27 21:18
"寝る前の背中の距離。あと10cmが遠いよね。

でも、その10cmは「相手を尊重する距離」でもある。

無理に詰めず、「寒いね」と言って布団を直してあげる。その優しさは、距離を超えて伝わるよ。",,,2025-11-27 22:15
"おやすみのキスが遠い記憶でも、悲観しなくていい。

関係性は流動的。今の状態が永遠に続くという「永続性の錯覚」に陥らないで。

今日は手足が触れただけで100点。加点法でいこう。",,,2025-11-27 23:08
"触れることの温もりを思い出したなら、脳は変化を受け入れ始めている。

明日は今日より自然に触れられるはず。

小さな一歩を積み重ねる。それが確実に関係を変える唯一の方法だよ。",,,2025-11-27 23:08
"週末の公園でスマホばかり。これは「ファビング」という関係破壊行動だけど、原因は「会話のネタ切れ」かも。

共通の話題がないと、脳は楽なスマホに逃げる。

「あの雲、変な形」でもいい。共有の対象（ジョイント・アテンション）を作るだけで、二人の世界は重なるよ。",,,2025-11-28 07:01
"カレンダーが「家族の予定」だけ。これは「夫婦」というユニットが機能停止しているサイン。

「親」としてのタスクに追われ、「男女」としての時間を後回しにする「先延ばし」癖。

でも、子どもはいつか巣立つ。その時、隣にいるのは誰？",,,2025-11-28 08:08
"最後にデートしたのが半年以上前なら、脳はデートを「非日常」ではなく「過去の遺物」と処理し始めてる。

これを防ぐには「単純接触」ならぬ「単純デート効果」。

短時間でも回数を重ねることで、デートする自分が「日常」になる。",,,2025-11-28 10:04
"「二人でランチ」の提案、笑われても実行したのが偉い！

場所を変える（転地効果）だけで、脳は新鮮さを感じて会話が弾みやすくなる。

「デート」という言葉が恥ずかしければ「美味しい店開拓」と言い換えよう。目的をズラすのもテクニック。",,,2025-11-28 12:12
"「子ども優先」は立派だけど、「夫婦の時間ゼロ」は自己犠牲のしすぎ。

親が仲良くデートする姿は、子どもにとって「結婚へのポジティブなイメージ」になる。

これは育児放棄じゃなくて、最高のエリート教育だよ。",,,2025-11-28 15:15
"月に1回のデートは、関係性のメンテナンス費用（ランニングコスト）。

車検と同じで、壊れてから直すより定期点検の方が安くつく。

数千円のランチ代で離婚危機が防げるなら、コスパ最強の投資だよね。",,,2025-11-28 18:05
"外出できないなら「おうちデート」。子どもが寝た後に映画とお酒。

ポイントは「照明を落とす」こと。暗闇効果で心理的距離が縮まり、本音が出やすくなる。

環境設定（アーキテクチャ）を変えるだけで、リビングがデートスポットになるよ。",,,2025-11-28 20:01
"昔の写真を見て「また行きたい」と思うなら、その感情を言葉にしよう。

「懐かしい」は過去への執着だけど、「また行きたい」は未来への提案。

未来を語る夫婦は、別れない。",,,2025-11-28 21:05
"「子育て終わったら」という未来は、永遠に来ないかもしれない。

人生は「今」の連続。先延ばしにした幸せは、利息がつかずに目減りする。

今週末、30分でいいから二人で散歩しよう。",,,2025-11-28 22:20
"週末デート復活を目標にした今週。意識が変われば行動が変わる。

行動が変われば、未来が変わる。

あなたのその決意が、新しい夫婦の形を作る第一歩だよ。",,,2025-11-28 23:25
"家事育児が「当たり前」になると、脳はそれを「背景」として処理する（馴化）。

「ありがとう」が消えるのは、感謝していないからじゃなくて、見えなくなっているから。

意識的に「背景」にピントを合わせる。それが感謝を取り戻すということ。",,,2025-11-29 08:38
"ゴミ出しへの「ありがとう」。言えた自分を褒めよう。

これは「正の強化」。感謝という報酬を与えることで、夫の「ゴミ出し行動」は強化される。

夫のためじゃなく、またやってほしい自分のために言う。その計算高さがあっていい。",,,2025-11-29 10:13
"今週の「ありがとう」回数0回？それは危険信号。

感謝の欠如は「軽視されている」という不満（敵意帰属バイアス）を生む。

まずは心になくてもいいから「ありがとう」と言う。行動が感情を連れてくる（ジェームズ・ランゲ説）から。",,,2025-11-29 12:07
"1日5回の感謝実験。夫が笑ったのは、あなたの変化を好意的に受け取ったサイン。

「返報性の原理」で、感謝されると感謝したくなる。

家庭内の通貨は「お金」じゃなくて「感謝」。流通量を増やせば、景気は良くなるよ。",,,2025-11-29 14:18
"「やってもらって当たり前」は、関係の生活習慣病。

特効薬はないけど、毎日の「ありがとう」という食事療法で改善できる。

小さなことほど見逃さない。それが愛の解像度を上げるトレーニング。",,,2025-11-29 16:23
"「お疲れ様」の一言は、相手の労力を承認する魔法の言葉。

承認欲求が満たされると、人はその場所に居心地の良さを感じる。

夫を早く帰らせたいなら、家を「承認される場所」にするのが一番の近道だよ。",,,2025-11-29 19:12
"感謝を取り戻す7日間チャレンジ。ゲーム感覚でやるのがコツ（ゲーミフィケーション）。

クリアしたら自分にご褒美を。

楽しみながら関係修復できるなら、それに越したことはないよね。",,,2025-11-29 20:29
"「いつもありがとう」が言えないのは、改まると照れくさいから。

なら、LINEで送ればいい。文字なら感情のハードルが下がる。

送信ボタンを押す1秒の勇気。それが夜の空気を変える。",,,2025-11-29 21:37
"昔は言えた「大好き」が言えなくても、「ありがとう」なら言えるはず。

感謝は愛の変形バージョン。

形は違っても、伝わる温度は同じだよ。",,,2025-11-29 22:48
"今週、毎日感謝を伝えられたなら、それはもう立派な習慣。

習慣が変われば人格が変わる。人格が変われば運命が変わる。

あなたの夫婦関係は、確実に良い方向に動き出しているよ。お疲れ様。",,,2025-11-29 23:33
"「お父さん、醤油」だけの食卓。これは「会話の節約（認知的倹約）」が行き着く先。

脳は楽をしたがるから、阿吽の呼吸を良しとする。でも、それは関係の死。

今、子どもを介さずに「この醤油、美味しいね」と言ってみる。形容詞を一言足すだけで、脳はそれを「情報」ではなく「会話」として処理し始めるよ。",,,2025-11-30 08:43
"「何でもいい」は、優しさじゃなくて「思考停止（決断疲れ）」。

夫は仕事で決断のリソースを使い果たしてる。だから、選択肢を絞ってあげるのがナッジ。

「ハンバーグか魚、どっちの気分？」これなら選べる。会話のボールは、投げ方次第で返ってくるよ。",,,2025-11-30 10:17
"子ども抜きで5分会話が続かない。これは「共有地の悲劇」ならぬ「共有話題の枯渇」。

子どもの話題は共有財産だけど、夫婦の話題はメンテナンスが必要な私有財産。

まずはニュースの感想からでいい。「へー」で終わらせず、「あなたはどう思う？」と質問を足す。それが会話の種まき。",,,2025-11-30 12:13
"老後の楽しみリストで沈黙するのは、未来が「不確実」だから。脳は不確実性を恐怖と感じる。

だから、まずは「確実な楽しみ」を一つ作る。

「来週の土曜、美味しいコーヒー飲む」。これだけでいい。小さな確定未来の積み重ねが、老後の不安を消していくよ。",,,2025-11-30 15:07
"仲良し老夫婦を見て「無理」と思うのは、現状からの「線形予測」をしてるから。

でも、関係は非線形。今日の行動一つで、未来の角度は変わる。

手を繋ぐのが無理なら、並んで歩く速度を合わせる（ペーシング）。それだけで、無意識の同調効果が生まれるよ。",,,2025-11-30 18:18
"定年後の夫が家にいる恐怖。これは「テリトリー侵害」へのストレス反応。

解決策は、今のうちに「それぞれの居場所（パーソナルスペース）」を確保すること。

物理的な部屋が無理なら、「この時間は話しかけない」という時間的ゾーニングでもいい。ルール作りは早めが吉。",,,2025-11-30 20:14
"空の巣症候群は、子どもへの依存度が高いほど重症化する。

「夫婦」というユニットを再起動するには、共通のプロジェクトが必要。

DIYでも、散歩コース開拓でもいい。二人で「何かを作る/探す」プロセスが、新しい絆（チームビルディング）になる。",,,2025-11-30 21:04
"「子どもの話以外で30分」は、夫婦関係の健康診断。

答えられないなら、今すぐ治療が必要。特効薬は「過去の共有」。

「昔、ここ行ったよね」という思い出話は、脳の報酬系を刺激して、会話を弾ませる最強のカンフル剤だよ。",,,2025-11-30 22:07
"老後が想像できないのは、情報不足（利用可能性ヒューリスティックの欠如）。

理想の老夫婦をモデルにするのが早い。映画でも近所の人でもいい。

「あんな風になりたいね」と共有するだけで、脳はそこに向かって無意識に舵を切り始める。",,,2025-11-30 23:13
"未来への不安を消すのは、思考じゃなくて行動。

今夜30分、スマホを置いて向き合う。沈黙してもいい。

「同じ時間を共有している」という事実が、安心感（セロトニン）を作るから。",,,2025-11-30 23:13
"共通の趣味がないと会話が減る？実は逆。「違う世界」を持ってる方が、会話のネタは尽きない。

大事なのは「一緒にする」ことじゃなくて、「相手の世界に興味を持つ」こと。

「ゴルフの何が楽しいの？」って聞いてみる。人は自分の好きなことを話す時、最高にドーパミンが出るから。",,,2025-12-01 07:03
"「二人だと沈黙」は、無理に楽しませようとするから疲れる（パフォーマンス不安）。

沈黙を共有できるのが熟年夫婦の特権。これを「コンパニオンシップ・ラブ（友愛）」と呼ぶ。

同じ空間で、別々のことをしてても心地いい。その「並行遊び」の感覚を目指せばいいんだよ。",,,2025-12-01 08:12
"お互いの趣味を知らないのは、相互理解の放棄（ネグレクト）。

趣味はその人の「価値観」の塊。それを知らないのは、相手の半分を知らないのと同じ。

今日、夫がスマホで何を見てるか聞いてみて。それが彼の今の関心事（トレンド）だから。",,,2025-12-01 10:05
"趣味の一致は必須じゃない。心理学では「類似性」より「相補性（補い合う関係）」の方が長続きするとも言われる。

夫の話を聞く（傾聴）、私の話を聞いてもらう（自己開示）。

このサイクルさえ回れば、内容はゴルフでも読書でも何でもいいんだよ。",,,2025-12-01 12:11
"「子ども置いて散歩？」という罪悪感。これは「良き母」という役割への過剰適応。

でも、夫婦仲が良いことは、子どもにとって最高の精神安定剤。

30分の散歩は「育児放棄」じゃなくて、家庭の空気を良くする「環境整備」だよ。",,,2025-12-01 15:08
"「子どもの成長」だけが共通の趣味だと、巣立った後に「燃え尽き症候群」になる。

子どもはプロジェクトじゃなくて、独立した人間。

夫婦というチームの次のプロジェクトは「二人の人生を楽しむこと」。その準備運動を始めよう。",,,2025-12-01 17:45
"共通の趣味は「探す」ものじゃなくて「育てる」もの。

最初は興味なくても、やってみたら意外とハマる（単純接触効果）。

食わず嫌いせず、一度だけ夫の趣味に付き合ってみる。その「歩み寄り」自体が、愛の証明になるから。",,,2025-12-01 20:02
"映画デートは最強の会話ツール。同じストーリーを体験することで、感情が同期（シンクロ）する。

感想を言い合うだけで、価値観のすり合わせができる。

映画館が無理なら、金曜ロードショーでもいい。ポップコーンを用意すれば、立派なイベントだよ。",,,2025-12-01 21:15
"趣味を尊重し合える関係は「自律した大人」の証。

依存でも無関心でもない、適度な距離感（ヤマアラシのジレンマの解決）。

「楽しんできてね」と送り出せる余裕が、夫にとっての「帰りたい家」を作る。",,,2025-12-01 22:05
"話題は「趣味」に限らなくていい。「今日の天気」でも「近所の猫」でもいい。

大事なのは「あなたと話したい」という意思表示（ストローク）。

その気持ちさえ伝われば、どんな話題もラブレターになるよ。",,,2025-12-01 23:11
"定年後の夢がない？それは「現状維持バイアス」が働いて、未来を思考停止させているから。

でも、脳は目標（ゴール）がないと老化する。

「夢」なんて大層なものじゃなくていい。「死ぬまでに食べたいものリスト」を作ってみる。食欲は生きる意欲そのものだから。",,,2025-12-02 07:06
"老後の不安を語るより、夢を語る方が脳には良い。ポジティブなイメージは、行動を誘発する（プライミング効果）。

「お金がない」と嘆く前に、「お金がかからない楽しみ」を探す。

図書館通い、公園巡り。0円でできる夢は山ほどあるよ。",,,2025-12-02 08:09
"夫に夢がないなら、あなたが夢を見せてあげる（インセプション）。

「私、ここ行ってみたいな」と写真を見せる。視覚情報は言葉より強く脳に残る。

最初はあなたの夢でも、共有すればいつか「二人の夢」になる。",,,2025-12-02 10:15
"「のんびりしたい」は夢じゃなくて「休息願望」。疲れてる証拠だね。

休息の先にある「活動」をイメージさせるのがコツ。

「のんびり温泉に入って、美味しい魚を食べたいね」。これなら具体的なビジョンになる。",,,2025-12-02 12:04
"大人の夢は「達成」より「過程」を楽しむもの。これを「プロセス指向」と言う。

結果を出さなくていい。下手でもいい。

夫婦でウクレレを始めて、笑いながら練習する。その時間こそが、最高の老後だよ。",,,2025-12-02 15:12
"「孫の面倒」は他者依存の夢。相手の都合で消える夢はリスクが高い。

自分たちだけで完結する夢を持つ。これを「自律的幸福」と呼ぶ。

孫はデザート。メインディッシュは夫婦二人の人生だよ。",,,2025-12-02 17:52
"夢がないとテレビを見るだけの老後。これは受動的な活動で、認知機能低下のリスクがある。

能動的な活動（書く、作る、行く）を一つ入れる。

「10年後の夢マップ」を描く作業自体が、脳の若返りトレーニングになるよ。",,,2025-12-02 20:08
"「楽しみ」の共有は、オキシトシンを分泌させる。

「次の休み、ここ行かない？」その提案が、夫の脳内報酬系を刺激する。

楽しみを待つ時間も、幸福の一部（期待効用）。予定を入れるだけで、今日が楽しくなる。",,,2025-12-02 21:21
"夢がある人が幸せなのは、ドーパミンが出ているから。

夢がない人は、ドーパミン不足で無気力になる。

小さな「やりたいこと」を見つけるのは、心のアンチエイジングだよ。",,,2025-12-02 22:11
"10年後の会話は、今日の会話の延長線上にある。

今日「夢」を語れば、10年後も語り合える。

まずは「明日何食べる？」という小さな未来の話から始めよう。",,,2025-12-02 23:05
"結婚記念日を忘れる夫。悪気はないけど、脳の「重要度タグ」が外れてる状態。

怒るより、タグを付け直す作業が必要。

1週間前から「来週は記念日だね」と刷り込む（プライミング）。予告することで、夫の脳に準備期間を与えよう。",,,2025-12-03 07:02
"記念日を祝わないのは「儀式の喪失」。儀式は、日常と非日常を分ける区切り線。

区切りがないと、関係はダラダラと劣化する（エントロピー増大）。

コンビニスイーツでもいい。「おめでとう」と言い合う儀式が、関係をリセットするスイッチになる。",,,2025-12-03 08:15
"温度差があるなら、あなたがリーダーシップを取ればいい。

「祝ってくれない」と待つのは「受動的攻撃」。

「私が祝いたいから祝う！」と宣言して、ケーキを買って帰る。楽しそうなあなたを見れば、夫も巻き込まれていくよ。",,,2025-12-03 10:08
"忘れてた夫を責めずに「来年は祝おう」と言えたあなた、すごい。これは「アサーション（自他尊重）」の会話。

罪悪感を持たせず、未来の行動を促す。

夫は「次は失敗できない」と学習したはず。その優しさは、必ず返ってくるよ。",,,2025-12-03 12:15
"10年後の幸せは、今の「イベント投資」で決まる。

記念日は、夫婦の歴史を確認する決算日。

黒字（感謝）を確認するか、赤字（不満）を放置するか。年に一度の棚卸しをサボっちゃダメだよね。",,,2025-12-03 15:05
"「形式的」と言う夫には、実利（メリット）を示す。

「美味しいもの食べに行こう」でいい。男性は「記念日」より「ご馳走」に反応する。

目的は何でもいい。二人で過ごす時間さえ確保できれば、それが記念日になるから。",,,2025-12-03 17:55
"記念日復活のアイデア。手紙はハードル高いなら、LINEギフトでコーヒー一杯送る。

「いつもありがとう」のメッセージ付きで。

500円で買えるサプライズ。その意外性が、マンネリ脳に新鮮な刺激を与えるよ。",,,2025-12-03 20:04
"特別な日を作るのは、脳に「しおり」を挟むようなもの。

振り返った時、しおりがある場所は鮮明に思い出せる。

何もない毎日は、記憶に残らない。人生のアルバムを空白にしないために、記念日があるんだよ。",,,2025-12-03 21:12
"「夫婦の記念日」は、二人が始まった原点。

原点回帰することで、初心（初期の情熱）を少しだけ思い出せる。

「あの時、若かったね」と笑い合う。それだけで、明日からまた頑張れる気がしない？",,,2025-12-03 22:08
"記念日を大切にするのは、相手を大切にすること。そして、自分たちの歴史を肯定すること。

自己肯定感ならぬ「夫婦肯定感」を上げる。

それが、長く仲良くいるための秘訣だよ。",,,2025-12-03 23:15
